ch1_mean,ch1_std,ch1_rms,ch1_min,ch1_max,ch1_peak_to_peak,ch1_kurtosis,ch1_skewness,ch1_crest_factor,ch2_mean,ch2_std,ch2_rms,ch2_min,ch2_max,ch2_peak_to_peak,ch2_kurtosis,ch2_skewness,ch2_crest_factor,ch3_mean,ch3_std,ch3_rms,ch3_min,ch3_max,ch3_peak_to_peak,ch3_kurtosis,ch3_skewness,ch3_crest_factor,ch4_mean,ch4_std,ch4_rms,ch4_min,ch4_max,ch4_peak_to_peak,ch4_kurtosis,ch4_skewness,ch4_crest_factor,dataset,file_index,timestamp,quantization_error,label
-0.0020384765624999,0.0770190050106815,0.0770459766602465,-0.366,0.415,0.7809999999999999,0.4245121177058362,-0.0023399100931393,5.386394176358615,-0.00146865234375,0.0928450647507687,0.0928566798258544,-0.371,0.452,0.823,0.1322334954002619,0.0988202734770966,4.867716580463822,-0.0015597656249999,0.0989652383452205,0.0989775291140936,-0.776,0.737,1.513,1.5516425183322076,-0.0232117728638514,7.840163387971094,-0.003162255859375,0.0555823879197738,0.0556722705571128,-0.356,0.208,0.564,0.2032461850659075,-0.014109805863796,6.394565848152241,2nd_test,426,2004.02.15.09.32.39,0.0751522790861201,0
-0.0020735351562499,0.1041181460773327,0.104138791478608,-0.537,0.53,1.0670000000000002,0.767350526474162,-0.0453236704588022,5.1565799100439245,-0.001978515625,0.0933183690141061,0.0933393406851111,-0.381,0.493,0.874,0.1639904465927379,0.1061727316756521,5.281802896571756,-0.001982763671875,0.0986399468126674,0.0986598725875134,-0.869,0.767,1.636,1.9111243695235487,0.0269664342733686,8.808038944307073,-0.00327958984375,0.0573567888226888,0.0574504737455989,-0.281,0.232,0.513,0.1674088036716923,0.0038669003294429,4.891169413840305,2nd_test,676,2004.02.17.03.12.39,0.0782614677983277,0
-0.001963623046875,0.0766164975079725,0.0766416564660457,-0.32,0.393,0.7130000000000001,0.3460049721647049,0.0499064516312915,5.127759734276899,-0.00100888671875,0.0958278466342507,0.0958331573254724,-0.356,0.493,0.849,0.2060181473394058,0.1340755870890407,5.144357274179219,-0.00061826171875,0.1046371053075085,0.1046389318307841,-0.701,0.886,1.587,1.6468220602844514,0.0934417573083451,8.467211815811718,-0.003162060546875,0.0549488278997015,0.0550397339605954,-0.31,0.374,0.6839999999999999,0.2958428942463351,0.0162191959362475,6.795090983923767,2nd_test,67,2004.02.12.21.42.39,0.0770405512337458,0
-0.0018132812499999,0.0769650552260709,0.0769864125339254,-0.432,0.356,0.788,0.3960282953144136,-0.048938440253877,5.611379797753533,-0.0014763183593749,0.0938020164326766,0.0938136333521646,-0.496,0.461,0.957,0.289294221539206,0.138125452439845,5.287078031961422,-0.0015378417968749,0.1001896908565742,0.1002014925603811,-0.71,0.645,1.355,1.8389831859347403,-0.0022615915449574,7.08572279564668,-0.0031119140625,0.0540723417220404,0.0541618144861996,-0.266,0.264,0.53,0.1251201700682207,-0.0390369888374975,4.9112091704916105,2nd_test,452,2004.02.15.13.52.39,0.0750716539456103,0
-0.001382373046875,0.1179150735990469,0.1179231764205381,-0.833,0.615,1.448,1.7735457066958284,-0.1091590982330408,7.063920980404118,-0.00240966796875,0.0970499898584764,0.0970799002433047,-0.386,0.432,0.8180000000000001,0.112255594032169,0.1147720982147319,4.449942767893846,-0.0026248046875,0.1016501340669122,0.1016840172075668,-0.613,0.63,1.243,1.232150476301138,-0.0092043710820388,6.195663952849049,-0.002625146484375,0.0613480828391967,0.0614042234875531,-0.269,0.315,0.5840000000000001,0.1001285059025005,-0.0085385806786413,5.129940289184206,2nd_test,763,2004.02.17.17.42.39,0.081732825913319,1
-0.002309033203125,0.07739473796891,0.077429174731553,-0.378,0.356,0.734,0.3569692841046232,0.0451482578368148,4.881880780799279,-0.001729443359375,0.0954686220962866,0.0954842855096946,-0.386,0.581,0.967,0.2629708782870037,0.0947300897275858,6.084770880281925,-0.0022916015625,0.1074285110576331,0.1074529498235448,-0.752,0.798,1.55,1.8640022241691008,0.0208655713441825,7.426506217865761,-0.0027642578125,0.056033258572441,0.0561014009406182,-0.281,0.308,0.589,0.2587931953743996,-0.0276927216381427,5.490058979463264,2nd_test,38,2004.02.12.16.52.39,0.0776563082680035,0
-0.0014443847656249,0.076737200128153,0.0767507923793583,-0.374,0.513,0.887,0.7083040858036118,0.0250649921771239,6.683970081477413,-0.0021964355468749,0.0947638339020235,0.0947892849689345,-0.53,0.4,0.93,0.2391049848343445,0.1090512788368723,5.591349277168898,-0.0021115234375,0.100044032610448,0.1000663129738849,-0.559,0.757,1.316,1.3853169976107085,0.0094359473084835,7.56498343443507,-0.002502392578125,0.0548234514976877,0.0548805320923036,-0.234,0.212,0.446,0.1289709486757648,0.022209914341584,4.263807056428883,2nd_test,180,2004.02.13.16.32.39,0.0755310636290589,0
-0.001889697265625,0.0757651606071181,0.0757887228918532,-0.347,0.398,0.745,0.4080605046318513,0.0204651963631394,5.251440911105926,-0.001306201171875,0.091856355679577,0.0918656423274467,-0.405,0.398,0.803,0.1194137112868642,0.0926598888332316,4.408612292199576,-0.0018775390624999,0.0987701460037396,0.0987879896269341,-0.762,0.889,1.651,2.178945672277532,0.0753935014427307,8.999069657640026,-0.002734130859375,0.053826040572182,0.0538954368683878,-0.266,0.21,0.476,0.0959517968472831,-0.0142335126579352,4.935482769063256,2nd_test,469,2004.02.15.16.42.39,0.0741857152275378,0
-0.0021383789062499,0.0760897964303332,0.076119838315358,-0.361,0.361,0.722,0.3437128400504776,-0.0176196796385838,4.742521896849873,-0.0015445800781249,0.0947727543429103,0.094785340076192,-0.359,0.459,0.8180000000000001,0.0967802701575433,0.1338356554116614,4.84252100194182,-0.0006513671875,0.1023746858687466,0.1023767580358818,-0.608,0.527,1.135,0.9102303869839864,0.0025844676230908,5.938847953956152,-0.00331962890625,0.0550674008660617,0.0551673687447457,-0.295,0.217,0.512,0.0912540897497233,0.0059710964527951,5.347363970893555,2nd_test,181,2004.02.13.16.42.39,0.07651738876298,0
-0.002324755859375,0.0954924497610474,0.0955207435647978,-0.464,0.503,0.967,0.6564783060272297,-0.038974765964673,5.265871906174147,-0.0015213378906249,0.0943995158232454,0.0944117739301652,-0.415,0.481,0.8959999999999999,0.2627089344475584,0.1411527844108322,5.094703552024059,-0.0012237304687499,0.0993719238092548,0.0993794584298611,-0.623,0.713,1.336,1.2535287566931324,0.0184874815073337,7.174520884474713,-0.0031461425781249,0.0572957298917749,0.0573820431577085,-0.229,0.229,0.458,0.0671462640157498,0.0036012934891511,3.990795506647031,2nd_test,617,2004.02.16.17.22.39,0.0778684513479152,0
-0.002287548828125,0.0767530013997796,0.0767870829209941,-0.361,0.337,0.698,0.4109711039546799,0.0145193365334866,4.7013115521881454,-0.0014584960937499,0.0951043050751753,0.0951154879853302,-0.41,0.493,0.903,0.114392563688856,0.0925772402759624,5.183172692872613,-0.00174267578125,0.1003611160184321,0.1003762448358362,-0.618,0.583,1.201,1.1286349662703108,-0.0027023713607497,6.156835225352095,-0.003070458984375,0.0552419674447982,0.0553272327660337,-0.239,0.249,0.488,0.2142686082559102,-0.0097719314102166,4.5004961850968375,2nd_test,140,2004.02.13.09.52.39,0.0760567169174164,0
-0.00125322265625,0.0784344747883072,0.0784444861181699,-0.376,0.493,0.869,0.56474034220826,0.0115716334124026,6.284699210739337,-0.001009228515625,0.0927715474822769,0.0927770368380728,-0.447,0.457,0.904,0.2819338410997183,0.1350641476396131,4.925787841151825,-0.001590673828125,0.0989887520289901,0.099001531662315,-0.732,0.596,1.3279999999999998,1.013351977434275,0.0528558865501576,7.39382500150997,-0.00231806640625,0.0546900660627569,0.0547391702331383,-0.271,0.208,0.479,0.0936744713375508,-0.0418753509923447,4.95075096755832,2nd_test,380,2004.02.15.01.52.39,0.0754899341623326,0
-0.0020556640625,0.0891545682409538,0.0891782641284789,-0.498,0.366,0.864,0.4000941939036653,0.0276767460325026,5.584320404319018,-0.000924072265625,0.0930535686961469,0.093058156851727,-0.581,0.388,0.969,0.1911202637957627,0.112996743302778,6.243407559849753,-0.001697607421875,0.1001833359149954,0.1001977178683009,-0.735,0.852,1.587,2.13433130985808,-0.016066461800449,8.503187678499414,-0.0031609863281249,0.0565232979775732,0.056611615847175,-0.217,0.242,0.4589999999999999,0.1181145152832918,0.0302784213060432,4.274741082272095,2nd_test,557,2004.02.16.07.22.39,0.0764956791126567,0
-0.0018037109375,0.083618500692753,0.0836379520986137,-0.396,0.4,0.796,0.3818054415969727,-0.00505633396605,4.782517863703736,-0.0015340332031249,0.0934186776293816,0.0934312720018871,-0.378,0.393,0.771,0.1584689866699773,0.0868784890068961,4.206300434268472,-0.0013419921874999,0.0990559428741528,0.0990650329920641,-0.613,0.879,1.492,1.5455891976813954,0.0659920550693013,8.872959241446392,-0.00326826171875,0.0558674728265495,0.0559629882573071,-0.259,0.203,0.462,0.1072717961025233,0.001243230515499,4.628058794940314,2nd_test,541,2004.02.16.04.42.39,0.0764062970828499,0
-0.0019541015625,0.0763572282845716,0.0763822284580565,-0.352,0.339,0.6910000000000001,0.2227278037888735,-0.0210148470731604,4.608401811537662,-0.002282177734375,0.0929795813792501,0.0930075851136447,-0.398,0.42,0.8180000000000001,0.1642010710290966,0.1370507829431647,4.515760725131091,-0.002170654296875,0.0998159763217496,0.0998395756658682,-0.825,0.725,1.5499999999999998,1.8492098727798547,-0.0434840991432684,8.263256273772168,-0.002728271484375,0.0559081683008343,0.0559746973912934,-0.222,0.249,0.471,0.103943984272254,0.0150049181877321,4.448438519549407,2nd_test,405,2004.02.15.06.02.39,0.0756484370531081,0
-0.00176201171875,0.0942655786520681,0.0942820449709606,-0.479,0.466,0.945,0.4795562273540734,0.0247942501098299,5.080500747968013,-0.001628662109375,0.0944770730536269,0.0944911100212441,-0.41,0.461,0.871,0.1681458537621418,0.1473348153537636,4.878765842537735,-0.001995166015625,0.0996018123407123,0.0996217933435469,-0.767,0.75,1.517,1.6526749274388504,-0.0229078079424517,7.699118578876533,-0.002622412109375,0.0568970901095278,0.0569574921165172,-0.283,0.286,0.569,0.2013117913087181,0.0051130623833031,5.021288497216696,2nd_test,619,2004.02.16.17.42.39,0.0777934716720998,0
-0.0016285156249999,0.0774316065865734,0.0774487298909333,-0.386,0.425,0.8109999999999999,0.4381933427723923,0.0153143523969136,5.487501222977007,-0.0017398925781249,0.0947094780103262,0.09472545830542,-0.491,0.457,0.948,0.1431016947326835,0.1022512486959511,5.1834006272284485,-0.001029541015625,0.1002940825011639,0.1002993665954732,-0.833,0.642,1.475,1.3937204194478428,0.0368493369491693,8.305137193451534,-0.00285947265625,0.0556975648357103,0.055770918160812,-0.234,0.203,0.437,0.0378081103520244,-0.0354699165545154,4.195735119889534,2nd_test,260,2004.02.14.05.52.39,0.0761623979692581,0
-0.00221708984375,0.0883772052684528,0.088405010595766,-0.383,0.447,0.8300000000000001,0.5602555996498153,0.0345327958293999,5.056274491486255,-0.002103076171875,0.092628467959233,0.0926523394516262,-0.349,0.435,0.784,0.066344867920669,0.1238517445765159,4.694970494753869,-0.00251220703125,0.0973407596220662,0.0973731722188855,-0.615,0.759,1.374,1.5694750204566654,0.0202123862764335,7.794754784059473,-0.0031017578125,0.0555651108149605,0.0556516167007415,-0.264,0.251,0.515,0.2150777845716889,-0.0214188808454176,4.743797496753381,2nd_test,572,2004.02.16.09.52.39,0.075814531392922,0
-0.001991064453125,0.0780971529635708,0.0781225296484431,-0.339,0.444,0.783,0.4536244074601785,0.0417070544600161,5.683379711235002,-0.001694384765625,0.0926094296108346,0.0926249285698948,-0.476,0.544,1.02,0.2437065394716264,0.1090196688562151,5.873148928623722,-0.001030908203125,0.0980475274966105,0.0980529470231358,-0.725,0.872,1.597,1.6769416502505088,0.0899991909660041,8.893154427937352,-0.002872412109375,0.0554844122310675,0.055558714455548,-0.298,0.229,0.527,0.1464604625948973,-0.0204806850860421,5.36369501913265,2nd_test,493,2004.02.15.20.42.39,0.0746390684125774,0
-0.00248662109375,0.077098629992926,0.0771387194037469,-0.354,0.43,0.784,0.4445053285611084,-0.0300330118978725,5.574373068650384,-0.00169365234375,0.0969596233153639,0.0969744142117844,-0.542,0.459,1.001,0.2914566197696508,0.1534405762462313,5.589103109308044,-0.00173076171875,0.1033514179713341,0.1033659089488042,-0.701,0.901,1.602,1.9874480323671089,-0.0669518703721952,8.716606946663006,-0.002705322265625,0.0549214907614017,0.0549880797629415,-0.222,0.266,0.488,0.0987097052213012,0.0200116586437377,4.837412056247679,2nd_test,125,2004.02.13.07.22.39,0.0774856707886433,0
-0.00220263671875,0.0919321514041617,0.0919585345159028,-0.425,0.383,0.808,0.4359665616194084,-0.0550274765757906,4.621648248666695,-0.0012684082031249,0.0943331771879046,0.0943417043397795,-0.403,0.496,0.899,0.2722653364112175,0.1331031315562905,5.257483988293842,-0.001663232421875,0.0991241449349385,0.099138097879533,-0.632,0.762,1.394,1.3767443118034892,0.0503206731831876,7.686247933849333,-0.003127392578125,0.0568157360502168,0.0569017437981089,-0.273,0.256,0.529,0.1806758537376667,-0.0283990280866715,4.79774400172733,2nd_test,594,2004.02.16.13.32.39,0.0773680797374034,0
-0.001448388671875,0.0955788694507816,0.0955898431593774,-0.427,0.432,0.859,0.5461967132436896,-0.0497348308944739,4.519308597203208,-0.00101591796875,0.0933085284681926,0.0933140588240526,-0.479,0.42,0.899,0.2003147752942071,0.0857542853076603,5.1332029281679885,-0.0014242675781249,0.1002913267517761,0.1003014394700575,-0.576,0.845,1.4209999999999998,1.4231675876047871,0.0743360007548768,8.424604915504013,-0.002979052734375,0.0566340190171966,0.0567123166978247,-0.283,0.259,0.542,0.1224627531250948,-0.0187655776499753,4.990097680242791,2nd_test,623,2004.02.16.18.22.39,0.0778352150494856,0
-0.0023246582031249,0.0859558026951817,0.085987231916921,-0.413,0.476,0.889,0.4703129065721358,0.0146745085071717,5.535705585386963,-0.001772216796875,0.0952005224367715,0.0952170164655949,-0.42,0.51,0.93,0.2367480294414528,0.1815206300108481,5.356185469000951,-0.000643310546875,0.1026893143535375,0.1026913293850039,-0.881,0.669,1.55,1.5958101677892378,-0.0243439853832214,8.579107946771538,-0.003163134765625,0.0576358220784402,0.0577225554545458,-0.239,0.273,0.512,0.107128351933373,0.0277161704105603,4.729520338202051,2nd_test,538,2004.02.16.04.12.39,0.0785179118813659,0
-0.00133173828125,0.0776786757640908,0.0776900907150487,-0.369,0.398,0.767,0.4444621380077156,0.0852483256135544,5.122918461437498,-0.00095263671875,0.0942502766640546,0.094255090939263,-0.405,0.405,0.81,0.2023927181010405,0.1361626886673252,4.296850132548072,-0.0008897949218749,0.1004430250568705,0.1004469661939977,-0.691,0.75,1.4409999999999998,1.3970354814512316,0.0275975240475343,7.466626702732113,-0.002914013671875,0.0557880981344654,0.0558641510195995,-0.271,0.222,0.493,0.1244062576085731,-0.0277843965507717,4.851053762547479,2nd_test,425,2004.02.15.09.22.39,0.0760239244896535,0
-0.00219794921875,0.0789091037583785,0.0789397088715099,-0.447,0.466,0.913,0.530290575512856,0.0167850127531181,5.903239404551189,-0.0011050781249999,0.094925381846711,0.094931814037267,-0.378,0.469,0.847,0.154000408929416,0.1138946083799083,4.940388053797708,-0.00150029296875,0.1043633273783308,0.1043741106810915,-0.803,1.018,1.821,2.41325322744855,0.0214623968503367,9.753376515951173,-0.0027684082031249,0.0559291398082676,0.0559976139105218,-0.229,0.281,0.51,0.1225251727884164,-0.0069293904274235,5.018070956451634,2nd_test,151,2004.02.13.11.42.39,0.0767878838014128,0
-0.0017623046875,0.0761465361377795,0.0761669264418208,-0.369,0.405,0.774,0.5528697268991065,-0.0182213176489012,5.317268516854711,-0.001254638671875,0.0951971651208029,0.09520543243552,-0.459,0.532,0.991,0.2725350886008999,0.0979934439244433,5.587916428558009,-0.00117158203125,0.1042160782689638,0.1042226634385187,-0.791,0.83,1.621,1.58167939303896,0.0011680368316551,7.963718951412671,-0.002949365234375,0.056073441872121,0.0561509540317159,-0.264,0.225,0.489,0.0646508032963835,-0.0373259062436865,4.701612012614824,2nd_test,246,2004.02.14.03.32.39,0.077019576131478,0
-0.0015823242187499,0.0775458701203552,0.0775620121106734,-0.371,0.425,0.796,0.5701837051718384,0.0388834536970139,5.479486522191907,-0.000879443359375,0.0947267578852764,0.0947308401740326,-0.459,0.381,0.8400000000000001,0.213306002517748,0.0970628762516106,4.845306968162775,-0.00119306640625,0.099094603092608,0.0991017848957891,-0.615,0.818,1.4329999999999998,1.4383741433543848,0.0603854873311333,8.25413993150494,-0.0029563964843749,0.0563860646284195,0.0564635153391384,-0.278,0.259,0.537,0.1306959621978278,-0.0152088540935563,4.923533335204458,2nd_test,340,2004.02.14.19.12.39,0.0760000176093222,0
-0.002490185546875,0.0765534363344586,0.0765939269046304,-0.381,0.369,0.75,0.4165630099460307,-0.0611595149988313,4.974284716716783,-0.0011771484375,0.0951453240098066,0.0951526056362882,-0.503,0.566,1.069,0.1722858300953147,0.1592244837915963,5.948339472252944,-0.0011845703124999,0.1022982657334961,0.1023051239132539,-0.74,0.764,1.504,1.2532962430208163,-0.0201836366824742,7.467856650467859,-0.002703955078125,0.0557164382230559,0.0557820119870924,-0.22,0.232,0.452,0.0642020030984791,-0.0103598215874071,4.159046827667745,2nd_test,101,2004.02.13.03.22.39,0.0769833832284711,0
-0.0018162597656249,0.0903804890021106,0.090398736671465,-0.381,0.386,0.767,0.4791268254750722,-0.0089942141562706,4.269971176683197,-0.001344189453125,0.0920851382999978,0.0920949485097615,-0.361,0.417,0.778,0.1009345170288913,0.0891198200453152,4.527935644062741,-0.001825439453125,0.0987568413734896,0.098773710810446,-0.542,0.613,1.155,1.2572929483755075,-0.0217588979548038,6.2061047920958,-0.002694921875,0.0566041489755291,0.0566682652386346,-0.273,0.222,0.495,0.159503724875663,-0.0417136562633192,4.817511156298104,2nd_test,595,2004.02.16.13.42.39,0.0766216718980817,0
-0.002342578125,0.0784160548597002,0.0784510378008554,-0.393,0.344,0.737,0.4222141332981781,0.0337201055124803,5.009493959692463,-0.001302978515625,0.0933563006863874,0.0933653931114702,-0.427,0.479,0.906,0.1835669638262889,0.1350044622657311,5.130380583552889,-0.0011660156249999,0.0998297812868534,0.0998365906079466,-0.791,0.72,1.511,1.317258751139728,-0.015660181627326,7.922946839183387,-0.002760791015625,0.0564048818719059,0.0564724062353962,-0.239,0.254,0.493,0.0935312956748806,-0.0007357928665099,4.497771866435856,2nd_test,497,2004.02.15.21.22.39,0.0757501666237469,0
-0.00229462890625,0.077092184383544,0.0771263263409048,-0.327,0.342,0.669,0.3950734414213919,0.0089467048873354,4.434283547797896,-0.001943408203125,0.0955974540109942,0.0956172058200203,-0.386,0.43,0.8160000000000001,0.2052111430541443,0.1810267482641815,4.49709857454828,-0.0018148437499999,0.1045811339043786,0.1045968796215379,-0.618,0.591,1.209,1.065480887483738,-0.0114182184646333,5.908398053844398,-0.003135986328125,0.0544569471748939,0.0545471677162011,-0.234,0.232,0.466,0.0665951734962488,-0.0141474133106818,4.289865263273962,2nd_test,61,2004.02.12.20.42.39,0.0767901737072686,0
-0.0017840820312499,0.0757011848986247,0.0757222050903828,-0.322,0.349,0.671,0.2559677197295893,0.0058569940304512,4.608951886422495,-0.001959130859375,0.0910593188554387,0.0910803916556172,-0.356,0.508,0.864,0.2136012084034977,0.097934838728622,5.57749028918556,-0.001434521484375,0.0990495560829034,0.0990599435297102,-0.706,0.732,1.438,1.8562423781875663,-0.0035846185645176,7.389465145142829,-0.0025477539062499,0.0560070950167984,0.0560650135306101,-0.259,0.256,0.515,0.1190625918374639,0.0121602413564175,4.6196368052952055,2nd_test,473,2004.02.15.17.22.39,0.0742753916352297,0
-0.001947021484375,0.0769310141198675,0.0769556484357832,-0.386,0.369,0.755,0.4469901117158317,-0.0126964097722315,5.015876129184814,-0.0016390625,0.0956320156612501,0.0956460607934927,-0.393,0.439,0.8320000000000001,0.1302977212296454,0.1229919244684127,4.589838790572309,-0.002064404296875,0.1040034052483783,0.1040238918150987,-0.654,0.762,1.416,1.3927113991049564,0.0821964743214649,7.325240256797165,-0.00307841796875,0.0543469647826898,0.054434081587561,-0.232,0.208,0.44,0.1326356189831212,-0.0398365525144402,4.262035717871895,2nd_test,68,2004.02.12.21.52.39,0.0767949694496352,0
-0.001948779296875,0.0881192953798227,0.088140841605832,-0.374,0.461,0.835,0.4220735793980945,-0.0063733990079186,5.230265465995578,-0.00151279296875,0.0927419451544308,0.092754282562013,-0.388,0.378,0.766,0.1012949225376953,0.0885155013081126,4.183095262867357,-0.00125625,0.101417550217837,0.1014253304468366,-0.735,0.659,1.394,1.504549459644732,0.0291911480156675,7.246710429777825,-0.002500830078125,0.0553222916765224,0.0553787875221359,-0.217,0.266,0.483,0.1128537980614616,0.0127121774466335,4.803283204582111,2nd_test,570,2004.02.16.09.32.39,0.0769636693774323,0
-0.001767724609375,0.1636560909850357,0.1636656377093154,-0.918,0.845,1.763,2.826460757283755,-0.2556832077288674,5.6089965666760175,-0.00197587890625,0.1086538165900263,0.1086717808680397,-0.378,0.496,0.874,0.1211472767778523,0.1480071629112294,4.564202371890169,-0.001299365234375,0.1122152702380432,0.1122227928034647,-0.547,0.581,1.128,0.42549076347054,-0.0214815188560887,5.177201399829047,-0.00321259765625,0.0713641479921312,0.0714364220992607,-0.31,0.293,0.603,0.1466694143789606,-0.0143694122686836,4.339523045609929,2nd_test,889,2004.02.18.14.42.39,0.0934525032619762,1
-0.001950830078125,0.0786808722778091,0.0787050532074696,-0.461,0.422,0.883,0.5518785151478065,-0.0409455604886703,5.857311331445626,-0.0013611328125,0.0931989290918784,0.0932088679601155,-0.447,0.42,0.867,0.1787709401374013,0.1569979149226076,4.795681030977412,-0.002889501953125,0.0998185362683693,0.0998603495101878,-0.613,0.608,1.221,1.161583151458868,-0.0047593219480583,6.138572546567369,-0.0032050292968749,0.0557763373545677,0.055868345433567,-0.295,0.234,0.529,0.0954062343460186,-0.0216213375745303,5.280270924534602,2nd_test,347,2004.02.14.20.22.39,0.0756946588232662,0
-0.002247265625,0.076661366601711,0.0766942979108046,-0.374,0.359,0.733,0.3974503405974863,-0.011486986147813,4.876503340966561,-0.00186904296875,0.0951758546033326,0.0951942047663288,-0.359,0.481,0.84,0.0795822811743791,0.136278361607275,5.0528285957705865,-0.001864404296875,0.1000715004273927,0.1000888665195678,-0.723,0.85,1.573,1.662056651738104,0.0450261849906171,8.492453052461416,-0.003249365234375,0.0564112616764862,0.0565047681028723,-0.244,0.256,0.5,0.1649369543079037,0.0074899111547696,4.530591109221032,2nd_test,208,2004.02.13.21.12.39,0.0762568373010923,0
-0.002283251953125,0.0761109060021734,0.0761451459513548,-0.308,0.403,0.7110000000000001,0.3286110755448455,0.0097976296118276,5.292523836675857,-0.0014230468749999,0.0942673808787949,0.0942781213227981,-0.349,0.398,0.747,0.0875750241081658,0.126328857271146,4.221552088772211,-0.001036083984375,0.0969715844972082,0.0969771193113193,-0.74,0.591,1.331,1.287454522728301,-0.0058073175403293,7.630665926637758,-0.00285068359375,0.0548697407210779,0.0549437425349784,-0.239,0.225,0.4639999999999999,0.0392065878765781,0.0036324348528979,4.349903901131183,2nd_test,232,2004.02.14.01.12.39,0.0748696306051615,0
-0.0021158203125,0.07690524724884,0.0769343470109417,-0.4,0.361,0.761,0.468162355143447,0.0007117606449284,5.199238253597084,-0.001716845703125,0.0931314225418026,0.0931472459272313,-0.332,0.466,0.798,0.0735805649199381,0.1013109894577505,5.002831756926515,-0.001094677734375,0.1006081564464257,0.1006141116488667,-0.688,1.04,1.728,1.7573328281635172,0.0493476062846473,10.33652221289952,-0.00306474609375,0.055148953194164,0.0552340448186736,-0.232,0.266,0.498,0.1704951150511484,-0.0154900598763632,4.815870372492696,2nd_test,470,2004.02.15.16.52.39,0.0757951087565546,0
-0.0022418457031249,0.077687208095487,0.0777195482091096,-0.415,0.378,0.7929999999999999,0.4379526468945034,-0.0542027001954044,5.339711945803837,-0.0013628417968749,0.0940591794271155,0.0940690521492888,-0.403,0.645,1.048,0.2357552890563496,0.144720498420565,6.856665239589314,-0.0013810546875,0.1000836623295425,0.1000931904644054,-0.752,0.574,1.326,1.468527685182463,0.0218261060639789,7.512998601637228,-0.00310986328125,0.0555627525688584,0.055649714488542,-0.259,0.215,0.474,0.1487581326868845,-0.0500422342065933,4.6541119280795655,2nd_test,314,2004.02.14.14.52.39,0.0755056301333063,0
-0.0016216796875,0.0749348274043261,0.0749523728985614,-0.349,0.342,0.6910000000000001,0.3035741644560339,0.0231607600409978,4.656290208018781,-0.001960693359375,0.0938982784049307,0.0939187468286251,-0.393,0.393,0.786,0.1342219775185165,0.1286629021345884,4.184468098929475,-0.00092099609375,0.0959772724387865,0.0959816912676253,-0.591,0.527,1.118,1.0789968281242288,0.0354991210054781,6.15742431903976,-0.003145751953125,0.0554883239805009,0.0555774221560844,-0.244,0.269,0.513,0.0965274718325157,0.0133126469691604,4.8400949443048376,2nd_test,371,2004.02.15.00.22.39,0.0743626902690555,0
-0.002119873046875,0.0775262621555561,0.0775552395750723,-0.354,0.508,0.862,0.4118224568468189,0.0313304269011088,6.550169953400929,-0.00168662109375,0.0938160961622784,0.0938312559323584,-0.449,0.513,0.962,0.2126892030572031,0.0760529614099801,5.467261360802277,-0.001453369140625,0.101559763296669,0.1015701619706022,-0.703,0.886,1.589,1.9645873842933952,0.1017997783441788,8.72303423369271,-0.0027306640625,0.0559428708764822,0.0560094753423472,-0.266,0.256,0.522,0.1800752971934782,0.0189038891405097,4.749196423808234,2nd_test,364,2004.02.14.23.12.39,0.0758932598050294,0
-0.00211962890625,0.0769204682957081,0.0769496671177416,-0.378,0.369,0.747,0.320109256981544,0.022963086515134,4.912301952089086,-0.0024300292968749,0.0937654746947174,0.0937969577710779,-0.415,0.474,0.889,0.127760602992228,0.1073075359521012,5.053468803879515,-0.00087021484375,0.1028131185940391,0.1028168012968029,-0.911,0.742,1.653,2.725315526258852,-0.0632650376087245,8.860419586107735,-0.0034055175781249,0.0540492592061002,0.0541564397897713,-0.239,0.261,0.5,0.1251773655670067,-0.0432758419347336,4.819371454407838,2nd_test,213,2004.02.13.22.02.39,0.0756239499697282,0
-0.001969189453125,0.1392300597886716,0.1392439846307889,-0.596,0.774,1.37,1.6541833883366015,-0.0380744474049968,5.558588416201489,-0.0013788574218749,0.0988321783865559,0.0988417964852009,-0.4,0.459,0.859,0.104396333263117,0.1323572083128255,4.64378447496227,-0.001590576171875,0.102913052553118,0.1029253434211388,-0.591,0.586,1.177,0.7743705611191114,-0.0088993646628817,5.742026019539886,-0.0030323242187499,0.0609967206635519,0.0610720469762967,-0.288,0.293,0.581,0.1815473211736531,0.0440103741452554,4.797612238360395,2nd_test,827,2004.02.18.04.22.39,0.08692320111558,1
-0.002174072265625,0.0775614154437837,0.0775918794453348,-0.308,0.405,0.7130000000000001,0.3099755507638151,0.0266197723662214,5.219618378752014,-0.00150888671875,0.0947391294840797,0.0947511445552572,-0.381,0.603,0.984,0.2615943824726452,0.1441104129130868,6.364039218987764,-0.0019612792968749,0.1065750529388105,0.106593097925666,-0.688,0.566,1.254,1.022536467478275,-0.0045346871984464,6.454451680101563,-0.0032119140625,0.0554067621473125,0.0554997809328446,-0.259,0.242,0.501,0.1271939001086788,-0.0341557767317721,4.666685086716397,2nd_test,25,2004.02.12.14.42.39,0.0775066304235936,0
-0.00209873046875,0.1053039152581744,0.1053248272644263,-0.513,0.537,1.05,0.8239941692202497,-0.0535803275483833,5.098512990168218,0.002402197265625,0.0940402605824037,0.0940709368620796,-0.41,0.405,0.815,0.1589112843653843,0.0786253013385145,4.358413062227236,-0.0013188476562499,0.0985101710734587,0.09851899900051,-0.771,0.776,1.5470000000000002,1.669063712295337,0.0270994032804664,7.876653314231358,-0.002841064453125,0.0580007331180073,0.0580702737160169,-0.251,0.222,0.473,0.1097451585434812,-0.0152788577940626,4.32234918029062,2nd_test,684,2004.02.17.04.32.39,0.0790411419647298,0
-0.00165830078125,0.0774603706607056,0.0774781193910577,-0.347,0.381,0.728,0.4064589681713531,0.0178432542129148,4.917517397035015,-0.0011328613281249,0.0939856807069332,0.0939925079606581,-0.374,0.405,0.779,0.0569964973780114,0.1345182267404518,4.308854064892168,-0.00116884765625,0.1011944832665989,0.1012012334333801,-0.737,0.708,1.4449999999999998,1.2005952184040298,-0.0098858385989234,7.282519935667363,-0.002856396484375,0.0561642100394764,0.0562367983640105,-0.264,0.266,0.53,0.0926880629942625,-0.0263059270514432,4.729998999471853,2nd_test,215,2004.02.13.22.22.39,0.0764096315270011,0
-0.001931103515625,0.0753338772134344,0.0753586240373115,-0.366,0.378,0.744,0.4605992204506139,0.0316475578937975,5.016015151866739,-0.0008187011718749,0.0922143869259322,0.0922180211657915,-0.378,0.42,0.798,0.1953687518031706,0.1142017818153088,4.554424337954081,-0.001224267578125,0.0959506599634039,0.0959584700717744,-0.515,0.662,1.177,0.9200501900429864,-0.0187618692713866,6.898817785422617,-0.002847265625,0.054512580188184,0.0545868878057038,-0.205,0.225,0.43,0.1020320194099957,-0.0024824274381407,4.121868987965414,2nd_test,361,2004.02.14.22.42.39,0.0738784587986525,0
-0.002343896484375,0.0782777702997387,0.0783128544609895,-0.398,0.356,0.754,0.3938119643810864,-0.0259097939342769,5.082179710269354,-0.0011470703124999,0.0932778069465651,0.0932848596454028,-0.469,0.42,0.889,0.1536347197199172,0.1099532465308404,5.027611144806875,-0.00184541015625,0.1033167617108555,0.1033332414524121,-0.82,0.632,1.452,1.75782908656711,-0.0739112201834538,7.935490926893043,-0.0026488769531249,0.0557223218473447,0.0557852462679145,-0.251,0.225,0.476,0.1009076923020511,0.0005989510413227,4.499397543035778,2nd_test,445,2004.02.15.12.42.39,0.0764867907993222,0
-0.0016638671875,0.1061968654046041,0.1062098991421291,-0.481,0.461,0.942,0.7618131670541999,-0.0186808433740849,4.52876807040181,-0.001688232421875,0.093069566755494,0.0930848773150914,-0.356,0.53,0.886,0.1026500176433771,0.1382431987778141,5.693728297027896,-0.0005892578125,0.0988942969763634,0.0988960524956317,-0.583,0.713,1.2959999999999998,1.3815299938346677,0.0447904559653612,7.209590089799425,-0.00259482421875,0.056343290629786,0.0564030097753546,-0.251,0.249,0.5,0.1024199932713432,-0.0193556923715996,4.450117130189472,2nd_test,654,2004.02.16.23.32.39,0.078704656417825,0
-0.001896240234375,0.07697260397835,0.0769959576226854,-0.369,0.33,0.6990000000000001,0.3919277969191701,-0.0166296463732268,4.792459388627544,-0.00165712890625,0.0930093688470109,0.0930241300390992,-0.537,0.449,0.986,0.1795568829991811,0.1232524193861036,5.772695748603283,-0.001487060546875,0.1000995331247319,0.1001105782665317,-0.786,0.713,1.499,1.814513547774225,-0.0418671613457783,7.851318148413081,-0.00285966796875,0.0554028881372826,0.0554766411640408,-0.259,0.227,0.486,0.1796566271948649,-0.0099859730320545,4.668631599910404,2nd_test,415,2004.02.15.07.42.39,0.0749947851621099,0
-0.00182724609375,0.0764806107975274,0.0765024356229917,-0.398,0.398,0.796,0.4433637639149004,0.0263791850457102,5.202448742366368,-0.001838525390625,0.0917255291903372,0.0917439528299243,-0.33,0.457,0.787,0.0690577399583936,0.1104383984867979,4.9812547410313694,-0.00125576171875,0.0989806287077462,0.0989885942766892,-0.767,0.754,1.521,1.6679211123410305,0.0059212416157979,7.74836743158875,-0.00333232421875,0.0542205458102127,0.0543228494526589,-0.212,0.21,0.422,0.0501952343824831,0.0321097040974757,3.902593515107308,2nd_test,521,2004.02.16.01.22.39,0.0743561005818775,0
-0.0018154296875,0.0776892335399088,0.0777104419815558,-0.371,0.396,0.767,0.3657509634861617,0.0300433162624721,5.095840274449769,-0.001188330078125,0.0965636024944365,0.0965709141257248,-0.4,0.422,0.8220000000000001,0.1493364401301637,0.1310942157041155,4.369845763769326,-0.001681884765625,0.1046668581513546,0.1046803703262489,-0.75,0.847,1.597,2.0357883427908767,-0.0021432294877776,8.091297321094023,-0.003116064453125,0.0558905280763395,0.0559773256446583,-0.242,0.232,0.474,0.1600750185825177,0.0022841950678487,4.323179023090213,2nd_test,136,2004.02.13.09.12.39,0.0777469831957384,0
-0.00204111328125,0.0867193168288392,0.0867433343530642,-0.481,0.413,0.8939999999999999,0.4479858328976833,-0.0392370627986541,5.545094658647545,-0.001080859375,0.0911977515487236,0.0912041563994276,-0.347,0.471,0.818,0.1315313854105846,0.1222351559191264,5.164238326289609,-0.0024229003906249,0.098559480043431,0.0985892567815295,-0.977,0.623,1.6,1.805859013511428,-0.0942432712380096,9.909801857570432,-0.00300205078125,0.0562683207637792,0.0563483471848886,-0.291,0.249,0.54,0.1580522363904091,-0.0099705284549642,5.164304092895828,2nd_test,568,2004.02.16.09.12.39,0.0753101782490715,0
-0.001688134765625,0.0776181744925759,0.0776365301294878,-0.356,0.4,0.756,0.3779436618099709,-0.0433338184921486,5.152213775238263,-0.000913037109375,0.0937846660176053,0.0937891103316204,-0.325,0.459,0.784,0.0766473456743801,0.1107994529985824,4.893958353716859,-0.0011944824218749,0.0999065677721412,0.0999137081298938,-0.571,0.881,1.452,1.761175122403141,0.0632100787051856,8.817608879512598,-0.002993798828125,0.0550229010438366,0.0551042872261598,-0.232,0.256,0.488,0.1173754454899698,-0.0331292007794959,4.645736527625793,2nd_test,503,2004.02.15.22.22.39,0.0757926670861939,0
-0.0019162109375,0.0790061954336051,0.0790294298426225,-0.361,0.386,0.747,0.404514320897305,-0.0080602937107421,4.884256418954148,-0.0008009765624999,0.0958558973952702,0.0958592438365035,-0.613,0.457,1.07,0.4514264068174758,0.035304014518861,6.394792775948983,-0.001314208984375,0.1105786094170331,0.1105864187224605,-0.769,0.967,1.736,2.3845540569234336,0.0341613191434938,8.744292573739473,-0.002539111328125,0.055797356162089,0.0558550986125315,-0.33,0.227,0.557,0.1598373115450946,0.0083426519670024,5.90814461332011,2nd_test,8,2004.02.12.11.52.39,0.0785438479107229,0
-0.00245185546875,0.0869207126049963,0.0869552866420437,-0.396,0.381,0.777,0.3166941879681912,-0.0374509014001116,4.554064684135902,-0.001170947265625,0.0946092133343021,0.09461645927234,-0.435,0.447,0.882,0.1455374986108011,0.1186333521961571,4.724336584067786,-0.0013904785156249,0.0992368384946812,0.0992465795124541,-0.625,0.815,1.44,1.4177046068194663,0.0601454495088448,8.211869910232187,-0.0029390625,0.0558787566681412,0.0559559964182235,-0.259,0.232,0.491,0.0872715439702318,-0.0493443485285098,4.628637082245239,2nd_test,549,2004.02.16.06.02.39,0.0771136146624033,0
-0.00140625,0.1027459715413151,0.1027555945291118,-0.608,0.52,1.128,0.7643725473661331,-0.0660021495477077,5.916952773036892,-0.00198544921875,0.0972764850021243,0.0972967447706692,-0.522,0.408,0.93,0.1633589650850071,0.101263317909654,5.365030466589623,-0.0022381347656249,0.1002768637091778,0.1003018376829563,-0.627,0.581,1.208,1.211267602730654,0.0731664020534233,6.251131728768822,-0.002767724609375,0.0601009242605389,0.0601646191418542,-0.242,0.281,0.523,0.0501951973183092,-0.0631711330699423,4.67051905261457,2nd_test,792,2004.02.17.22.32.39,0.0790610766154367,0
-0.001664501953125,0.0769445086524286,0.0769625102144909,-0.374,0.417,0.7909999999999999,0.4719871514500311,0.0434724186205714,5.4182224414513245,-0.0011061523437499,0.0929600976080862,0.0929666785483514,-0.339,0.43,0.769,0.0788256861132703,0.1547544760823741,4.625313141328743,-0.000691064453125,0.0989926736272677,0.098995085746481,-0.837,0.886,1.723,2.6659848054667634,0.0702455764722671,8.949939214760919,-0.0033494628906249,0.054381337585988,0.054484390235157,-0.273,0.205,0.478,0.1324061693573854,0.0292013250039675,5.01060943908355,2nd_test,368,2004.02.14.23.52.39,0.0748961249420795,0
-0.002700634765625,0.075724782309671,0.0757729244782354,-0.361,0.5,0.861,0.5881648615563315,0.0317515680588232,6.598663090231104,-0.002216162109375,0.0941339450561437,0.0941600286019929,-0.386,0.508,0.894,0.2184852588694861,0.1045362855108135,5.395070578640977,-0.0015990722656249,0.1034689177603529,0.103481273545552,-0.823,0.759,1.582,1.785811206843225,0.0519175865231257,7.953129796279181,-0.00306689453125,0.0553244250715422,0.055409366099627,-0.259,0.259,0.518,0.1380682408762625,-0.0341233001571171,4.674300000646803,2nd_test,70,2004.02.12.22.12.39,0.0764613911247683,0
-0.0015158203125,0.0772530316690643,0.077267901571618,-0.349,0.374,0.723,0.3435785290994704,0.0241524831055082,4.8403022780230005,-0.001921923828125,0.0938570300908289,0.0938767057830209,-0.466,0.471,0.937,0.2187429212345368,0.098235288241061,5.0172190861023,-0.001819580078125,0.0990994712033945,0.0991161745854486,-0.84,0.876,1.716,2.007035666171456,-0.0612078382101059,8.838113493130805,-0.003145166015625,0.0545302262714774,0.0546208535861933,-0.208,0.203,0.411,0.1493200654651119,-0.0193074227890088,3.808069378995726,2nd_test,432,2004.02.15.10.32.39,0.0750734499492267,0
-0.002354736328125,0.0878692559690781,0.0879008016330589,-0.469,0.364,0.833,0.430147194240349,-0.0228197227910908,5.335559986727999,-0.0021136230468749,0.0937732186349737,0.0937970358569335,-0.391,0.464,0.855,0.1691994131257099,0.1072746415713441,4.946851419726969,-0.0016910644531249,0.1018653025399829,0.1018793382416026,-0.625,0.837,1.462,1.6963702299077017,0.030227685222459,8.215601067282883,-0.00309755859375,0.0574633226595085,0.0575467489986402,-0.237,0.315,0.552,0.1690546666138366,-0.0165118289252463,5.473810518852582,2nd_test,550,2004.02.16.06.12.39,0.0777649073205484,0
-0.0011814453125,0.0750895434700203,0.075098837218445,-0.369,0.391,0.76,0.3680355169904707,-0.0098190022824236,5.206472090339638,-0.0013513183593749,0.0939617980635334,0.0939715146022486,-0.454,0.408,0.862,0.130892805246805,0.1034746566069735,4.831251277760134,-0.00153193359375,0.098770487667885,0.098782367124338,-0.703,0.703,1.406,1.4579274185596027,0.0867173611897121,7.116654727538696,-0.0025804687499999,0.0546458597665369,0.0547067528609928,-0.225,0.217,0.442,0.064137377347281,-0.0207399971729637,4.112837780147563,2nd_test,388,2004.02.15.03.12.39,0.0750573584034688,0
-0.001818603515625,0.0802103037504367,0.0802309176470291,-0.378,0.396,0.774,0.4867117699711172,0.0230622075772486,4.935753093804076,-0.0017956054687499,0.0948762404204187,0.0948932305030896,-0.466,0.427,0.893,0.1657361179752685,0.1364709642541114,4.910782334256359,-0.0016982421875,0.1048905147047868,0.1049042615986714,-0.679,0.637,1.316,1.1352691918982902,-0.0222789700043889,6.472568317492703,-0.00293701171875,0.0567331596473365,0.0568091316727007,-0.239,0.234,0.473,0.1435002725648448,-0.0015947123342306,4.207070112825591,2nd_test,31,2004.02.12.15.42.39,0.0771344124946851,0
-0.001794287109375,0.0767781523882917,0.0767991155573462,-0.32,0.356,0.6759999999999999,0.3961449284507443,0.0152139858457036,4.635470049515578,-0.005523193359375,0.0916706515128306,0.0918368880879131,-0.505,0.488,0.993,0.2944641093665838,0.1331409739690604,5.49887970410188,-0.0024826171875,0.0997634149157411,0.0997943001566221,-0.566,0.747,1.313,1.399380498471535,0.0267288863843457,7.485397450757563,-0.0026513671875,0.0546994508199652,0.0547636710600079,-0.288,0.244,0.532,0.2085173703902172,-0.0163433294438132,5.258960811432121,2nd_test,282,2004.02.14.09.32.39,0.074605982217205,0
-0.00255166015625,0.0774870854107122,0.077529087283419,-0.327,0.366,0.6930000000000001,0.3029990008129091,-0.0021083022448274,4.720808832139507,-0.0012275390625,0.0919613974263116,0.0919695899129163,-0.354,0.427,0.7809999999999999,0.053420771645599,0.1336429233375822,4.642839012326495,-0.00195234375,0.1020465674488886,0.1020652417535899,-0.715,0.676,1.391,1.2709424884420022,0.0507366369627178,7.005323141439051,-0.00322880859375,0.0545725138482842,0.0546679473975038,-0.259,0.2,0.459,0.1460577981878317,-0.0181782929456668,4.73769388325504,2nd_test,511,2004.02.15.23.42.39,0.0755830774452017,0
-0.002142333984375,0.0749768135045929,0.0750074140215694,-0.349,0.354,0.703,0.264094651949371,0.0052841904323497,4.719533456965773,-0.001586767578125,0.092957413650754,0.0929709555935851,-0.374,0.449,0.823,0.0920772351676713,0.1273276322955595,4.829465257493288,-0.0016229980468749,0.0970030036805199,0.0970165802618455,-0.623,0.579,1.202,1.1020831755666824,0.0090249239092695,6.421582767730169,-0.0030953125,0.0548702393071243,0.0549574755706059,-0.273,0.342,0.615,0.2126442803421611,-0.0087510690367805,6.222993258749607,2nd_test,333,2004.02.14.18.02.39,0.0741133339738245,0
-0.001791259765625,0.0792208680176358,0.0792411164801179,-0.415,0.4,0.815,0.4552119318712826,0.0335197467618938,5.237180120990453,-0.001935546875,0.095126415920873,0.0951461052679312,-0.393,0.4,0.793,0.1700577747770562,0.0822445482627254,4.204060679829162,-0.002017041015625,0.1060045264208711,0.1060237146876672,-0.608,0.61,1.218,1.1014436437540749,0.061319784870657,5.753429803805978,-0.0030745605468749,0.0554383037683263,0.0555234945519968,-0.249,0.291,0.54,0.1744089633248347,0.036172489638983,5.241024585047365,2nd_test,10,2004.02.12.12.12.39,0.0777390456276705,0
-0.0016153320312499,0.0775659874020022,0.0775828054353459,-0.33,0.349,0.679,0.3516255309931115,0.0252459795344734,4.498419437620652,-0.00154931640625,0.0946406010582843,0.0946532817708926,-0.369,0.417,0.786,0.2192718105511817,0.1136200775086411,4.405552477355606,-0.0008899414062499,0.0990962210764729,0.0991002170902957,-0.627,0.698,1.325,1.2389058521318963,0.0222029904989057,7.043375085212674,-0.002756005859375,0.0552523957348228,0.055321088228038,-0.229,0.225,0.454,0.1117615486775855,0.0053729830071022,4.139470269491151,2nd_test,280,2004.02.14.09.12.39,0.0756507818610234,0
-0.0015153320312499,0.077726225761829,0.0777409956351457,-0.388,0.344,0.732,0.3680421199233374,0.0013370289616362,4.990931706302962,-0.0015135253906249,0.096234534637559,0.0962464358613638,-0.42,0.442,0.862,0.1566551621494887,0.0983672282095081,4.592377847965999,-0.002003857421875,0.1056096135000783,0.1056286225802605,-0.713,0.608,1.321,1.612231805636073,-0.0599626600938713,6.750064353546655,-0.003076416015625,0.0551323174923468,0.0552180837007055,-0.237,0.227,0.4639999999999999,0.0949560451636615,-0.003805751349074,4.292072163900168,2nd_test,26,2004.02.12.14.52.39,0.0775795175113443,0
-0.002276611328125,0.0786907508998915,0.0787236764660297,-0.576,0.608,1.184,1.1579527230048088,0.0414859617161303,7.723216537716405,-0.0023928222656249,0.0929162936950619,0.0929470991070828,-0.474,0.569,1.043,0.2353407404249003,0.1058340404268835,6.121761792031214,-0.00314794921875,0.1106217530671688,0.1106665343992369,-0.935,1.016,1.951,2.682779117744172,0.0335500848884684,9.18073386418274,-0.0037407714843749,0.056684131461645,0.0568074302434054,-0.525,0.513,1.038,0.8061900787493554,-0.0363270970195742,9.241748794854235,2nd_test,3,2004.02.12.11.02.39,0.0782895727521659,0
-0.00210712890625,0.0782461557309922,0.0782745225402637,-0.361,0.356,0.717,0.3734058194569596,0.0218324772881955,4.611973197405233,-0.001329296875,0.0935338970823512,0.0935433425402029,-0.405,0.437,0.8420000000000001,0.2662208384534055,0.1498732605916748,4.6716312260010895,-0.0011203124999999,0.0990604572812852,0.0990667920994467,-0.684,0.605,1.289,1.5414997243736537,-0.0162978137196612,6.904432711482898,-0.0027016601562499,0.0551175834471757,0.0551837564203113,-0.232,0.259,0.491,0.1939409411536701,-0.0144360473730164,4.6934101046440775,2nd_test,369,2004.02.15.00.02.39,0.0753904177423706,0
-0.001511181640625,0.0764602114662973,0.0764751437227932,-0.361,0.349,0.71,0.414344141995989,-0.0132166094240752,4.720488022929788,-0.0006187499999999,0.0960916720303781,0.0960936641259778,-0.396,0.391,0.787,0.1752988416575394,0.131559883964774,4.1209792924196,-0.000287939453125,0.1025458303173791,0.1025462345706041,-0.576,0.72,1.2959999999999998,1.1975909535207503,0.0783878294159612,7.021223187841685,-0.002960400390625,0.0554559434532748,0.0555349046525302,-0.264,0.271,0.535,0.1876603151263016,-0.0301624659269296,4.879813906059765,2nd_test,137,2004.02.13.09.22.39,0.0770080941712522,0
-0.00153115234375,0.0778033027084582,0.0778183676251548,-0.437,0.361,0.798,0.4002455766738801,-0.0153596317776344,5.615640797033677,-0.001337158203125,0.0946569208364432,0.09466636495766,-0.566,0.452,1.018,0.2312296311648674,0.1007082017339026,5.978892294503622,-0.0018711425781249,0.1055047750847643,0.105521366273539,-0.703,0.891,1.594,1.9353715754189027,-0.0050038143784382,8.443787561296837,-0.00274794921875,0.0556530340670876,0.0557208347548854,-0.239,0.261,0.5,0.1289782263407555,0.0081359999745208,4.6840647873178565,2nd_test,122,2004.02.13.06.52.39,0.0774228777326868,0
-0.002319677734375,0.0961254013091715,0.0961533862203543,-0.42,0.54,0.96,0.5643935427422329,0.0061078617968281,5.616026863129584,-0.001640966796875,0.0929882203952115,0.0930026983710519,-0.352,0.437,0.7889999999999999,0.1431696852931989,0.1103508944744031,4.698788396996896,-0.001483251953125,0.0983865449108917,0.0983977248510318,-0.801,0.696,1.497,1.4441579265993507,0.0086265386297612,8.140432120808937,-0.003028515625,0.0561460729800213,0.0562276926253314,-0.298,0.215,0.513,0.1028041937973895,-0.0357446258170282,5.2998795803412815,2nd_test,627,2004.02.16.19.02.39,0.0770957080208465,0
-0.0017423828125,0.0761485239245299,0.0761684553719582,-0.312,0.435,0.747,0.3379413350421925,-0.0011230233659934,5.711025619070594,-0.002137548828125,0.0934406964140117,0.0934651424934885,-0.417,0.461,0.878,0.2387132264361025,0.1344527643335502,4.932320089569051,-0.0018600585937499,0.0982006234585749,0.0982182379480766,-0.811,0.696,1.507,1.86887432717128,-0.0387611716531662,8.257122271125251,-0.0028015624999999,0.0552740922222707,0.0553450451570644,-0.222,0.254,0.476,0.2265998296030811,-0.0297966230202397,4.58939005785578,2nd_test,424,2004.02.15.09.12.39,0.0747285006671542,0
-0.002377490234375,0.0761457171826727,0.0761828242130608,-0.405,0.388,0.793,0.381054399079956,0.0019856145608443,5.316158913484471,-0.001907666015625,0.0952480607979157,0.095267162629054,-0.398,0.388,0.786,0.1312425341734355,0.0777147343325877,4.177724926536676,-0.001970947265625,0.1041762806350574,0.1041949234851589,-0.569,0.71,1.279,1.020345827991119,0.0002415918948837,6.814151555995096,-0.0028109375,0.0542319868343037,0.0543047858445735,-0.31,0.337,0.647,0.1110530586766556,-0.0095012076379237,6.2057145563252245,2nd_test,196,2004.02.13.19.12.39,0.0770388211553998,0
-0.00202314453125,0.0780393439902234,0.0780655642663187,-0.349,0.376,0.725,0.3386926978437445,0.0612995651324943,4.816464257050248,-0.001771044921875,0.0934059487463878,0.0934227373893964,-0.43,0.486,0.916,0.2568576802751403,0.1025943465919283,5.202159705180715,-0.0017404296875,0.1009097611179308,0.1009247689339688,-0.569,0.935,1.504,1.372176639956006,0.1331419670644665,9.264326387533966,-0.00245556640625,0.0559913007531593,0.0560451208082046,-0.264,0.232,0.496,0.2016027221022467,-0.0008299651128596,4.7104903368616124,2nd_test,468,2004.02.15.16.32.39,0.0759154348665998,0
-0.001966943359375,0.0844199690988402,0.0844428803915885,-0.471,0.515,0.986,0.4865130026451254,0.0122738967289585,6.098797170414867,-0.0012630859374999,0.0937318962970756,0.0937404062799562,-0.408,0.425,0.833,0.2251067640293556,0.1162432658585903,4.533797290425663,-0.001781884765625,0.1008956513187828,0.1009113847311559,-0.779,0.923,1.702,1.711095870437382,0.0398998177765813,9.146638929292992,-0.0028833984375,0.0572730249974355,0.0573455611090017,-0.237,0.242,0.479,0.1180671880161052,0.0259705149734638,4.220030204880016,2nd_test,539,2004.02.16.04.22.39,0.0769325423005586,0
